ROUND_HOLE_ID,TERRAIN_DESCR,ROUND_SHOT_ID,FAIRWAY_FLAG,FAIRWAY_RIGHT_FLAG,FAIRWAY_LEFT_FLAG,RCVR_SHOT_FLAG,STROKE_GAINED,START_TO_CG_DIST,END_TO_CG_DIST,START_TERRAIN_ID,END_TERRAIN_ID,SHOT_DIST,FAIRWAY_BOUNDS_DIST,PENALTY_CNT,IGNORE_FLAG,RCVR_REQUIRED_FLAG,FP_OR_MISSED_FLAG,LEFT_FLAG,RIGHT_FLAG,CENTER_LINE_DIST,SRC_KEY,DML_INS_DT,DML_INS_BATCH,DML_UPD_DT,DML_UPD_BATCH,DML
6351242,rough,29803170,F,F,T,T,-0.845898986,164.4660034,129.4579926,2,2,35.98300171,0.319779009,0,F,,F,T,F,11.93270016,673754-2-2,3/11/2017 6:03,,3/12/2017 5:34,,U
6354625,rough,29832285,F,F,T,T,-0.319059014,212.6029968,75.92880249,2,2,141.7940063,18.31380081,0,F,,F,T,F,29.46640015,673754-12-2,3/11/2017 6:03,,3/12/2017 5:34,,U
6351979,rough,29839241,F,F,T,,-1.066480041,302.5270081,120.0619965,1,2,197.3650055,5.869050026,1,F,,F,T,F,19.82320023,673754-9-1,3/11/2017 6:03,,3/12/2017 5:34,,U
6900926,rough,32284857,F,T,F,,-1.080150008,273.2890015,83.41059875,1,2,191.2429962,3.975419998,1,T,,F,F,T,22.3864994,744167-7-1,4/20/2017 3:24,,4/21/2017 3:33,,U
6354625,rough,29818748,F,F,T,,-0.125063002,435.1570129,212.6029968,1,2,245.4929962,14.48719978,0,F,T,F,T,F,45.31010056,673754-12-1,3/11/2017 6:03,,3/12/2017 5:34,,U
8262586,rough,38442208,F,F,T,T,0.00107518,304.4530029,151.8419952,2,2,153.4199982,3.426110029,0,F,,F,T,F,21.45289993,911416-9-2,6/22/2017 5:30,,6/23/2017 7:29,,U
6851589,rough,31994200,F,F,T,,0.024173301,322.1600037,109.3339996,1,2,237.701004,24.44799995,0,F,T,F,T,F,39.82160187,736700-16-1,4/16/2017 3:38,,4/17/2017 3:42,,U
6851589,rough,31937502,F,F,T,T,-0.873444021,109.3339996,80.90409851,2,2,66.92819977,12.4357996,0,F,,F,T,F,24.63529968,736700-16-2,4/16/2017 3:38,,4/17/2017 3:42,,U
11067257,fairway,50897651,T,F,F,,-0.021187199,430.9410095,209.223999,1,5,239.6549988,10.96920013,0,F,,F,F,T,3.981290102,1221207-17-1,10/23/2017 6:05,,10/24/2017 6:16,,U
9196176,sand,42531238,F,T,F,,-0.75345701,290.3299866,25.66790009,1,4,268.4140015,22.78969955,1,F,,F,F,T,2.118740082,1014050-11-1,7/28/2017 6:17,,8/3/2017 8:46,,U
8168062,rough,37934752,F,F,T,T,-0.631771982,217.375,169.3500061,2,2,48.52050018,11.44120026,0,F,,F,T,F,28.69750023,899084-11-2,6/18/2017 9:26,,6/19/2017 10:10,,U
7431770,rough,34728373,F,F,T,,-0.00190293,391.4020081,162.7949982,1,2,232.2700043,15.34819984,0,F,T,F,T,F,33.48509979,806110-14-1,5/18/2017 9:04,,5/19/2017 8:14,,U
7773463,rough,36220196,F,F,T,T,-0.798278987,120.5070038,60.25260162,2,2,60.84009933,21.72109985,0,F,,F,T,F,31.27359962,850672-8-2,6/1/2017 5:19,,6/2/2017 5:46,,U
6900209,rough,32275102,F,F,T,,-0.457204998,466.0150146,304.1010132,1,2,169.2810059,23.42410088,0,F,T,F,T,F,56.91379929,744167-18-1,4/20/2017 3:24,,4/21/2017 3:33,,U
6909510,fairway,32284909,T,F,F,T,-0.630562007,177.2259979,126.7799988,2,5,51.45959854,8.480649948,0,T,,F,T,F,15.39449978,744167-2-2,4/20/2017 3:24,,4/21/2017 3:33,,U
7926472,rough,36884381,F,F,T,T,-0.75336498,124.0469971,57.72909927,2,2,68.59380341,0.412396014,0,F,,F,T,F,11.48159981,871418-4-2,6/8/2017 5:25,,6/9/2017 5:27,,U
6812643,rough,31883880,F,T,F,,-1.181720018,416.0010071,212.6759949,1,2,208.6340027,11.69610023,1,F,,F,F,T,31.37779999,732944-14-1,4/15/2017 3:42,,4/16/2017 3:38,,U
8127398,rough,37839559,F,F,T,T,-0.55470401,192.0160065,112.1500015,2,2,81.19730377,24.25760078,0,F,,F,T,F,41.87990189,896858-2-2,6/17/2017 10:59,,6/18/2017 9:26,,U
7920146,fairway,36941168,T,F,F,T,-1.545789957,173.7259979,124.7210007,2,5,54.34939957,0.377992988,1,F,,F,F,T,6.148280144,871418-17-2,6/8/2017 5:25,,6/9/2017 5:27,,U
6500149,fairway,30452232,T,F,F,T,-1.131629944,273.5859985,180.8930054,2,5,99.07279968,13.07320023,1,F,,F,T,F,1.66068995,692605-7-2,3/25/2017 5:31,,3/26/2017 5:40,,U
8136437,rough,37818113,F,F,T,T,-1.684090018,144.871994,70.97049713,2,2,81.86560059,37.4341011,1,F,,F,T,F,47.02270126,896858-8-2,6/17/2017 10:59,,6/18/2017 9:26,,U
9020276,rough,41836363,F,T,F,,-1.214409947,401.3450012,204.5429993,1,2,201.0749969,5.085460186,1,F,,F,F,T,24.75889969,995395-14-1,7/21/2017 7:59,,7/22/2017 5:47,,U
7023626,rough,32915267,F,F,T,,-0.0115567,394.0979919,167.9570007,1,2,228.8699951,11.83720016,0,F,T,F,T,F,30.07010078,758960-14-1,4/27/2017 3:24,,4/28/2017 3:26,,U
7431768,rough,34703314,F,F,T,,-0.119884998,386.67099,180.6909943,1,2,214.1340027,4.123700142,0,F,T,F,T,F,21.45210075,806110-11-1,5/18/2017 9:04,,5/19/2017 8:14,,U
9594132,rough,44459852,F,F,T,T,-0.190549999,315.269989,194.3800049,2,2,132.8820038,12.20219994,0,F,,F,T,F,26.23539925,1056889-18-2,8/13/2017 5:25,,8/20/2017 10:57,,U
9555167,rough,44135257,F,F,T,T,-0.845561981,144.7220001,105.2440033,2,2,41.41790009,41.6570015,0,F,,F,T,F,54.53070068,1053235-8-2,8/11/2017 5:18,,8/20/2017 10:57,,U
8586133,rough,39878089,F,T,F,,-0.359219015,419.7460022,236.7630005,1,2,187.7779999,6.31554985,0,F,T,F,F,T,32.95800018,947919-13-1,7/4/2017 8:22,,7/5/2017 5:42,,U
9731421,rough,45057094,F,F,T,,-0.136059001,409.3770142,192.8959961,1,2,232.5200043,23.20940018,0,F,T,F,T,F,41.24309921,1076781-11-1,8/20/2017 10:57,,8/21/2017 5:37,,U
6851587,rough,31936045,F,F,T,,-0.196952999,331.7799988,172.9609985,1,2,161.697998,20.34749985,0,F,T,F,T,F,36.7765007,736700-2-1,4/16/2017 3:38,,4/17/2017 3:42,,U
8591873,rough,39936846,F,F,T,,-0.994835973,409.1560059,345.7359924,1,2,64.11699677,63.83679962,0,F,T,F,T,F,10.96140003,947919-14-1,7/4/2017 8:22,,7/5/2017 5:42,,U
9182179,fairway,42584218,T,F,F,,-1.773120046,320,95.55190277,1,5,231.4080048,7.607900143,2,F,,F,T,F,2.476030111,1014050-14-1,7/28/2017 6:17,,8/3/2017 8:46,,U
8861864,rough,41075006,F,F,T,T,0.164271995,343.0969849,153.8950043,2,2,189.8869934,40.75669861,0,F,,F,T,F,58.39149857,978688-9-2,7/15/2017 5:35,,7/16/2017 5:35,,U
7169576,rough,33533482,F,F,T,,-1.646029949,430.9719849,297.480011,1,2,135.4620056,44.73339844,1,F,T,F,T,F,42.74549866,774081-4-1,5/4/2017 6:26,,5/5/2017 10:10,,U
10630903,rough,48925600,F,F,T,,-1.243559957,437.6270142,226.7830048,1,2,212.0500031,37.88579941,1,F,,F,T,F,55.18500137,1174023-2-1,9/28/2017 6:07,,9/29/2017 6:21,,U
9548824,rough,44122515,F,F,T,,-0.035633001,412.881012,184.6759949,1,2,235.503006,29.8071003,0,F,T,F,T,F,42.32339859,1052492-4-1,8/11/2017 5:18,,8/20/2017 10:57,,U
9739128,rough,45036288,F,F,T,T,-0.018440099,286.1950073,138.4320068,2,2,148.0650024,3.647840023,0,F,,F,T,F,16.7859993,1073926-17-2,8/20/2017 10:57,,8/21/2017 5:37,,U
9605131,rough,44373464,F,F,T,T,-0.495083004,206.9490051,122.4309998,2,2,97.48770142,0.466681004,0,F,,F,T,F,12.9939003,1058625-6-2,8/14/2017 5:20,,8/20/2017 10:57,,U
7685304,rough,35699854,F,F,T,,-0.088601001,298.5620117,114.0090027,1,2,192.048996,3.46401,0,F,T,F,T,F,13.31439972,834309-16-1,5/29/2017 10:28,,5/30/2017 7:38,,U
6952129,rough,32535626,F,F,T,,0.025959101,356.8330078,138.654007,1,2,244.4759979,37.63650131,0,F,T,F,T,F,48.07099915,751109-18-1,4/23/2017 3:46,,4/24/2017 3:49,,U
8978916,rough,41630351,F,T,F,,-0.926348984,371.7210083,152.3540039,1,2,235.8059998,14.33710003,1,F,,F,F,T,35.08089828,990631-16-1,7/19/2017 5:48,,7/20/2017 7:11,,U
6909621,rough,32297262,F,T,F,T,-0.688664973,165.970993,92.76650238,2,2,79.04989624,17.72500038,0,T,,F,F,T,48.15670013,744167-9-2,4/20/2017 3:24,,4/21/2017 3:33,,U
8849028,rough,41052110,F,T,F,,-0.186316997,401.0419922,195.8639984,1,2,205.3209991,17.69860077,0,F,T,F,F,T,28.34630013,975860-15-1,7/14/2017 5:45,,7/15/2017 5:35,,U
9586094,sand,44405879,F,F,T,T,-0.951849997,174.1779938,55.68579865,2,4,118.4919968,5.615330219,0,F,,F,T,F,12.45740032,1059500-12-2,8/13/2017 5:25,,8/20/2017 10:57,,U
10958416,fairway,50361663,T,F,F,T,0.080927901,334.1419983,179.1499939,2,5,162.0679932,8.56774044,0,F,,F,T,F,9.355420113,1208992-5-2,10/16/2017 6:31,,10/17/2017 5:50,,U
8014238,rough,37304597,F,F,T,,-0.243903995,331.7229919,181.0480042,1,2,189.8159943,52.11569977,0,F,T,F,T,F,63.91960144,880684-18-1,6/11/2017 7:13,,6/12/2017 5:24,,U
8135484,rough,37837684,F,F,T,T,-0.570878983,288.1860046,236.3119965,2,2,52.68170166,3.467050076,0,F,,F,T,F,18.70870018,895452-17-2,6/17/2017 10:59,,6/18/2017 9:26,,U
7709073,rough,35700163,F,T,F,,-1.19611001,323.131012,168.9120026,1,2,178.1940002,26.70890045,1,F,,F,F,T,43.01250076,840055-10-1,5/29/2017 10:28,,5/30/2017 7:38,,U
9638132,rough,44472863,F,F,T,T,-0.701228976,242.9600067,207.5700073,2,2,35.48450089,7.118289948,0,F,,F,T,F,22.38100052,1062047-2-2,8/14/2017 5:20,,8/20/2017 10:57,,U
6351242,rough,29796478,F,F,T,,-0.039390001,378.1520081,164.4660034,1,2,214.197998,9.245739937,0,F,T,F,T,F,22.9204998,673754-2-1,3/11/2017 6:03,,3/12/2017 5:34,,U
6947282,rough,32545187,F,F,T,T,-0.868674994,171.0440063,150.7630005,2,2,20.3220005,11.3828001,0,F,,F,T,F,30.08060074,751109-14-2,4/23/2017 3:46,,4/24/2017 3:49,,U
10941692,rough,50380237,F,F,T,T,-1.722149968,158.1790009,105.4729996,2,2,54.04029846,9.614819527,1,F,,F,T,F,23.10289955,1208992-18-2,10/16/2017 6:31,,10/17/2017 5:50,,U
8145370,rough,37817634,F,F,T,T,-0.531868994,198.6119995,114.9789963,2,2,84.73100281,23.7784996,0,F,,F,T,F,40.97650146,896856-2-2,6/17/2017 10:59,,6/19/2017 10:10,,U
7470743,rough,34933532,F,F,T,,-2.03557992,290.5050049,96.04029846,1,2,205.3899994,0.278943986,2,F,,F,T,F,16.09840012,811112-16-1,5/20/2017 5:30,,5/21/2017 6:24,,U
9524573,rough,44007781,F,F,T,,-0.330327988,355.0920105,196.8690033,1,2,158.2330017,5.640639782,0,F,T,F,T,F,20.73730087,1049865-2-1,8/10/2017 5:25,,8/20/2017 10:57,,U
8008527,rough,37307408,F,F,T,,-0.0419209,324.493988,128.9230042,1,2,204.0740051,30.84980011,0,F,T,F,T,F,44.39799881,880684-3-1,6/11/2017 7:13,,6/12/2017 5:24,,U
11017203,fairway,50703155,T,F,F,,-0.045351598,461.9330139,242.5890045,1,5,220.2969971,7.833610058,0,F,,F,T,F,8.246600151,1216368-18-1,10/21/2017 6:21,,10/22/2017 5:55,,U
10385190,rough,47884351,F,T,F,,-1.013640046,275.4159851,40.65990067,1,2,238.1340027,14.99919987,1,F,,F,F,T,28.3227005,1146081-13-1,9/16/2017 5:51,,9/17/2017 5:36,,U
7440741,rough,34666114,F,F,T,,-0.130974993,381.2090149,178.8760071,1,2,211.8509979,7.064280033,0,F,T,F,T,F,23.86030006,806106-11-1,5/18/2017 9:04,,5/19/2017 8:14,,U
8145370,rough,37855681,F,F,T,,-0.288293988,370.1530151,198.6119995,1,2,173.4850006,26.45540047,0,F,T,F,T,F,41.16730118,896856-2-1,6/17/2017 10:59,,6/19/2017 10:10,,U
6900209,fairway,32305693,T,F,F,T,-0.970607996,304.1010132,176.5050049,2,5,127.9120026,9.252070427,1,T,,F,T,F,20.8845005,744167-18-2,4/20/2017 3:24,,4/21/2017 3:33,,U
7081973,rough,33109213,F,F,T,T,-0.704955995,148.5500031,64.48059845,2,2,84.25659943,7.989409924,0,F,,F,T,F,17.17070007,763411-8-2,4/29/2017 3:29,,4/30/2017 3:36,,U
9037744,rough,41909930,F,F,T,T,-0.872493029,138.6710052,117.6689987,2,2,28.73419952,2.050709963,0,F,,F,T,F,21.7682991,998989-8-2,7/22/2017 5:47,,8/3/2017 7:38,,U
8144398,rough,37837314,F,T,F,,-0.076117203,359.1440125,161.352005,1,2,237.197998,42.62450027,0,F,T,F,F,T,64.14289856,895452-2-1,6/17/2017 10:59,,6/18/2017 9:26,,U
9545269,rough,44191858,F,F,T,T,-0.850377023,132.8580017,96.20200348,2,2,41.41790009,41.6570015,0,F,,F,T,F,54.53070068,1052492-8-2,8/11/2017 5:18,,8/20/2017 10:57,,U
9198192,rough,42577489,F,T,F,,-0.131662995,360.0589905,173.3849945,1,2,186.7489929,0.792962015,0,F,T,F,F,T,26.81649971,1014050-3-1,7/28/2017 6:17,,8/3/2017 8:46,,U
7394919,rough,34448193,F,T,F,T,-0.347662985,221.3840027,107.5599976,2,2,125.4589996,1.489410043,0,F,,F,F,T,13.17710018,798943-4-2,5/15/2017 6:14,,5/16/2017 5:21,,U
9545269,rough,44188736,F,F,T,,0.055033199,364.0679932,132.8580017,1,2,231.2109985,21.34939957,0,F,T,F,T,F,41.70629883,1052492-8-1,8/11/2017 5:18,,8/20/2017 10:57,,U
7023626,rough,32875684,F,F,T,T,-0.745404005,167.9570007,111.5780029,2,2,57.52519989,14.02330017,0,F,,F,T,F,27.42320061,758960-14-2,4/27/2017 3:24,,4/28/2017 3:26,,U
11333148,fairway,52134277,T,F,F,,-0.110996,308.7260132,156.6609955,1,5,221.6190033,6.339630127,0,F,,F,F,T,21.12969971,1251463-7-1,11/16/2017 8:50,,11/17/2017 6:51,,U
9778131,rough,45139555,F,F,T,,-0.228658006,545.6190186,343.5920105,1,2,208.1230011,10.23820019,0,F,T,F,T,F,27.73769951,1073926-9-1,8/20/2017 10:57,,8/21/2017 5:37,,U
9610733,rough,44446929,F,F,T,T,-0.921599984,160.6260071,142.9320068,2,2,18.99749947,12.53779984,0,F,,F,T,F,25.27079964,1058625-18-2,8/14/2017 5:20,,8/20/2017 10:57,,U
9597944,rough,44360228,F,F,T,T,-0.513233006,205.9640045,123.6869965,2,2,97.48770142,0.466681004,0,F,,F,T,F,12.9939003,1059500-6-2,8/13/2017 5:25,,8/20/2017 10:57,,U
6351609,rough,29812875,F,T,F,T,-0.657811999,162.7720032,67.16690063,2,2,95.83509827,1.464079976,0,F,,F,F,T,20.84830093,673754-13-2,3/11/2017 6:03,,3/12/2017 5:34,,U
8186704,rough,37955996,F,F,T,,-1.056130052,404.4039917,367.0369873,1,2,38.75260162,85.31780243,0,F,T,F,T,F,11.71280003,899090-14-1,6/18/2017 9:26,,6/19/2017 10:10,,U
7985717,rough,37214879,F,F,T,,-1.329079986,467.3150024,283.3099976,1,2,185.3670044,7.344540119,1,F,,F,T,F,21.65839958,880684-17-1,6/11/2017 7:13,,6/12/2017 5:24,,U
6351214,rough,29799923,F,F,T,,0.055851799,374.0589905,136.8099976,1,2,238.7140045,5.909999847,0,F,T,F,T,F,17.64100075,673754-18-1,3/11/2017 6:03,,3/12/2017 5:34,,U
10433231,rough,48121287,F,F,T,,-0.532819986,440.3970032,276.9809875,1,2,213.1349945,24.58950043,0,F,T,F,T,F,40.42599869,1151719-17-1,9/18/2017 6:43,,9/19/2017 5:52,,U
10373494,rough,47855152,F,T,F,T,-0.743403971,192.5789948,149.4680023,2,2,46.81620026,39.87559891,0,F,,F,F,T,39.46419907,1146081-10-2,9/16/2017 5:51,,9/17/2017 5:36,,U
6846508,rough,31944885,F,F,T,T,-0.132254004,298.1940002,175.3959961,2,2,176.1679993,83.14630127,0,F,,F,T,F,94.30439758,736700-17-2,4/16/2017 3:38,,4/17/2017 3:42,,U
9548824,sand,44150005,F,F,T,T,-0.876380026,184.6759949,63.1053009,2,4,121.5709991,8.813779831,0,F,,F,T,F,23.04140091,1052492-4-2,8/11/2017 5:18,,8/20/2017 10:57,,U
7889289,rough,36743833,F,F,T,,-0.136059001,408.70401,195.4519958,1,2,226.654007,28.54439926,0,F,T,F,T,F,46.0807991,863419-1-1,6/5/2017 5:24,,6/6/2017 5:25,,U
7193638,rough,33567415,F,F,T,,-0.277828008,407.7950134,210.9900055,1,2,197.8439941,9.527919769,0,F,T,F,T,F,24.71190071,775996-4-1,5/5/2017 7:23,,5/6/2017 22:24,,U
10958416,rough,50362510,F,F,T,,-0.321595013,511.2529907,334.1419983,1,2,201.5769958,22.00250053,0,F,T,F,T,F,37.9355011,1208992-5-1,10/16/2017 6:31,,10/17/2017 5:50,,U
7773463,rough,36185215,F,F,T,,0.101948,359.8590088,120.5070038,1,2,239.6670074,19.98310089,0,F,T,F,T,F,40.42580032,850672-8-1,6/1/2017 5:19,,6/2/2017 5:46,,U
7697279,fairway,35757452,T,F,F,T,0.141216993,318.3370056,154.6809998,2,5,189.3540039,1.874819994,0,F,,F,T,F,16.70980072,840055-5-2,5/29/2017 10:28,,5/30/2017 7:38,,U
6699922,rough,31363749,F,F,T,T,-0.566120982,182.9109955,90.15720367,2,2,92.75409698,3.603009939,0,F,,F,T,F,14.31820011,719096-14-2,4/9/2017 8:41,,4/10/2017 6:18,,U
9619739,rough,44526953,F,T,F,,-0.368216991,387.053009,212.697998,1,2,176.7830048,21.80680084,0,F,T,F,F,T,40.73389816,1062047-11-1,8/14/2017 5:20,,8/20/2017 10:57,,U
7923309,rough,36940548,F,F,T,T,-0.773827016,165.3000031,130.3240051,2,2,35.28490067,18.76989937,0,F,,F,T,F,35.87189865,871418-13-2,6/8/2017 5:25,,6/9/2017 5:27,,U
7394921,rough,34479229,F,F,T,,-0.573018014,430,270.0700073,1,2,164.5579987,20.50250053,0,F,T,F,T,F,35.76050186,798943-13-1,5/15/2017 6:14,,5/16/2017 5:21,,U
8261777,rough,38469894,F,T,F,,-0.0130211,336.321991,133.5039978,1,2,202.8200073,8.36977005,0,F,T,F,F,T,25.44659996,910900-4-1,6/22/2017 5:30,,6/23/2017 7:29,,U
8913381,rough,41291471,F,F,T,T,-0.627665997,250.4440002,209.2460022,2,2,42.10089874,0.81269002,0,F,,F,T,F,12.37909985,983560-18-2,7/16/2017 5:35,,7/17/2017 5:37,,U
8276408,fairway,38425077,T,F,F,T,-0.335759014,233.5769958,151.276001,2,5,90.4992981,14.51669979,0,F,,F,T,F,2.544650078,910900-13-2,6/22/2017 5:30,,6/23/2017 7:29,,U
6348978,rough,29839791,F,F,T,,-0.0265882,450.6369934,210.0160065,1,2,244.8090057,12.09749985,0,F,T,F,T,F,21.06170082,673754-1-1,3/11/2017 6:03,,3/12/2017 5:34,,U
8262587,rough,38468047,F,T,F,,-1.199800014,509.0910034,319.5339966,1,2,217.3430023,18.17040062,1,F,,F,F,T,33.35820007,911416-14-1,6/22/2017 5:30,,6/23/2017 7:29,,U
6353603,rough,29798709,F,T,F,,-0.251111001,391.7290039,198.4429932,1,2,199.4920044,20.30660057,0,F,T,F,F,T,32.13570023,673754-10-1,3/11/2017 6:03,,3/12/2017 5:34,,U
7116013,rough,33325618,F,F,T,,-0.907198012,335.3890076,269.7619934,1,2,66.77339935,59.48099899,0,F,T,F,T,F,2.971560001,768610-9-1,5/1/2017 3:38,,5/2/2017 3:32,,U
6944858,fairway,32573153,T,F,F,T,-0.503678024,195.1340027,127.0490036,2,5,71.70310211,8.590189934,0,F,,F,F,T,1.690189958,751109-2-2,4/23/2017 3:46,,4/24/2017 3:49,,U
9778131,rough,45109574,F,F,T,T,-0.0267382,343.5920105,185.3589935,2,2,176.6519928,65.18689728,0,F,,F,T,F,78.73919678,1073926-9-2,8/20/2017 10:57,,8/21/2017 5:37,,U
9753300,rough,45205796,F,F,T,,-0.086583301,396.9559937,180.348999,1,2,232.5200043,23.20940018,0,F,T,F,T,F,41.24309921,1078476-11-1,8/20/2017 10:57,,8/21/2017 5:37,,U
6353603,rough,29824181,F,T,F,T,-0.550475001,198.4429932,117.5240021,2,2,98.55940247,45.84880066,0,F,,F,F,T,62.94729996,673754-10-2,3/11/2017 6:03,,3/12/2017 5:34,,U
6968471,rough,32487993,F,F,T,,-0.229206994,388.1130066,195.6119995,1,2,196.8190002,12.88860035,0,F,T,F,T,F,29.95870018,751109-1-1,4/23/2017 3:46,,4/24/2017 3:49,,U
9843070,rough,45484473,F,T,F,,0.157979995,355.0400085,97.4434967,1,2,260.6820068,4.93584013,0,F,T,F,F,T,23.64999962,1086887-12-1,8/23/2017 5:27,,8/24/2017 5:35,,U
7440741,rough,34721283,F,F,T,T,-0.556645989,178.8760071,69.57460022,2,2,110.9260025,3.316770077,0,F,,F,T,F,11.50010014,806106-11-2,5/18/2017 9:04,,5/19/2017 8:14,,U
9933983,fairway,45935316,T,F,F,T,0.036785401,274.2669983,139.0540009,2,5,146.845993,16.89259911,0,F,,F,F,T,1.223520041,1096674-5-2,8/27/2017 5:30,,8/28/2017 5:39,,U
8168063,rough,37950507,F,F,T,,-1.213119984,337.5830078,365.3850098,1,2,31.00740051,121.4110031,0,F,T,F,T,F,20.66810036,899090-8-1,6/18/2017 9:26,,6/19/2017 10:10,,U
6968471,fairway,32498654,T,F,F,T,-0.377517015,195.6119995,77.93869781,2,5,118.1350021,11.74779987,0,F,,F,T,F,4.841330051,751109-1-2,4/23/2017 3:46,,4/24/2017 3:49,,U
9464276,rough,43687690,F,T,F,,-1.309749961,397.7179871,217.0890045,1,2,185.3359985,4.781849861,1,F,,F,F,T,24.36849976,1041110-14-1,8/7/2017 5:27,,8/20/2017 10:57,,U
6841226,fairway,31952601,T,F,F,T,-0.372974008,195.4120026,78.32150269,2,5,117.1709976,2.922529936,0,F,,F,T,F,7.472569942,736700-18-2,4/16/2017 3:38,,4/17/2017 3:42,,U
6846508,rough,31995204,F,F,T,,-0.666024983,437.901001,298.1940002,1,2,191.6230011,26.94519997,0,F,T,F,T,F,41.7804985,736700-17-1,4/16/2017 3:38,,4/17/2017 3:42,,U
6952129,rough,32591031,F,F,T,T,-0.784889996,138.654007,80.74810028,2,2,58.16279984,17.49810028,0,F,,F,T,F,28.16970062,751109-18-2,4/23/2017 3:46,,4/24/2017 3:49,,U
8168062,rough,38058171,F,F,T,,-0.375827998,392.1130066,217.375,1,2,186.3480072,15.71109962,0,F,T,F,T,F,29.13870049,899084-11-1,6/18/2017 9:26,,6/19/2017 10:10,,U
8223085,fairway,38282886,T,F,F,T,-0.550570011,205.3600006,162.0540009,2,5,43.83349991,3.641690016,0,F,,F,T,F,8.68817997,907041-14-2,6/20/2017 5:53,,6/21/2017 6:37,,U
8860022,rough,41061758,F,F,T,T,-0.104309,242.7769928,81.07350159,2,2,164.5890045,6.650640011,0,F,,F,T,F,15.65909958,977483-6-2,7/15/2017 5:35,,7/16/2017 5:35,,U
10329157,rough,47641200,F,T,F,,0.00210491,427.3779907,191.0690002,1,2,244.5839996,13.96790028,0,F,T,F,F,T,23.46459961,1141000-5-1,9/13/2017 10:16,,9/14/2017 6:37,,U
10935898,fairway,50345207,T,F,F,T,0.077774897,328.2829895,173.5570068,2,5,160.3970032,9.883919716,0,F,,F,T,F,6.788020134,1208972-5-2,10/16/2017 6:31,,10/17/2017 5:50,,U
11200132,rough,51535336,F,F,T,,-0.123271003,419.8710022,199.1649933,1,2,225.0019989,8.152050018,0,F,,F,T,F,29.37319946,1236923-13-1,11/4/2017 10:20,,11/5/2017 5:35,,U
9015839,rough,41780384,F,F,T,T,-0.738663018,137.345993,58.80780029,2,2,78.59339905,1.964789987,0,F,,F,T,F,13.90130043,995395-18-2,7/21/2017 7:59,,7/22/2017 5:47,,U
7773464,rough,36196374,F,F,T,,-0.575636029,420.2460022,259.2130127,1,2,169.1430054,24.30430031,0,F,T,F,T,F,40.34840012,850672-13-1,6/1/2017 5:19,,6/2/2017 5:46,,U
9555167,rough,44184622,F,F,T,,0.037381001,372.2009888,144.7220001,1,2,228.9869995,21.34939957,0,F,T,F,T,F,41.70629883,1053235-8-1,8/11/2017 5:18,,8/20/2017 10:57,,U
8491315,fairway,39436320,T,F,F,T,-1.247499943,262.2059937,178.4960022,2,5,84.21130371,3.876650095,1,F,,F,T,F,3.428339958,937718-11-2,7/1/2017 5:46,,7/2/2017 5:33,,U
8139835,rough,37856106,F,F,T,T,-0.613694012,280.098999,234.6660004,2,2,45.92499924,0.292091995,0,F,,F,T,F,15.52219963,895455-17-2,6/17/2017 10:59,,6/19/2017 10:10,,U
8130900,fairway,37907524,T,F,F,T,-0.096097901,247.3899994,127.3730011,2,5,121.0810013,0.888033986,0,F,,F,T,F,18.78739929,895452-13-2,6/17/2017 10:59,,6/18/2017 9:26,,U
10365589,rough,47830722,F,T,F,,-0.248492002,503.769989,301.7510071,1,2,204.5829926,1.042090058,0,F,T,F,F,T,13.76350021,1146081-12-1,9/16/2017 5:51,,9/17/2017 5:36,,U
10956866,fairway,50383798,T,F,F,T,-0.406275004,208.9190063,130.6199951,2,5,81.6989975,6.888339996,0,F,,F,F,T,9.012800217,1208972-4-2,10/16/2017 6:31,,10/17/2017 5:50,,U
10341842,rough,47733991,F,T,F,,-0.254642993,419.2950134,217.3650055,1,2,228.4069977,12.19919968,0,F,T,F,F,T,29.5890007,1142725-1-1,9/14/2017 6:37,,9/15/2017 5:57,,U
7081973,rough,33061699,F,F,T,,-0.0154089,356.7210083,148.5500031,1,2,209.8179932,12.46080017,0,F,T,F,T,F,30.97340012,763411-8-1,4/29/2017 3:29,,4/30/2017 3:36,,U
8269837,rough,38484064,F,T,F,,-0.0297626,336.5610046,140.8890076,1,2,195.6750031,6.136089802,0,F,T,F,F,T,23.72330093,911416-4-1,6/22/2017 5:30,,6/23/2017 7:29,,U
7178882,rough,33540621,F,F,T,,0.0536016,337.4370117,114.8450012,1,2,223.1320038,7.730949879,0,F,,F,T,F,27.19659996,774095-8-1,5/4/2017 6:26,,5/5/2017 10:10,,U
11464255,rough,52720067,F,T,F,,-0.996999979,84.80599976,46.96910095,1,2,38.05720139,1.448500037,0,F,,F,F,T,5.665959835,1265431-1-1,11/28/2017 8:35,,12/1/2017 11:04,,U
9029353,rough,41867002,F,T,F,,-0.485246986,490.5429993,361.82901,1,2,128.822998,12.23869991,0,F,T,F,F,T,26.01980019,998989-5-1,7/22/2017 5:47,,8/3/2017 7:38,,U
8491315,rough,39490039,F,F,T,,-0.378935993,453.6600037,262.2059937,1,2,196.3880005,15.70940018,0,F,T,F,T,F,27.45529938,937718-11-1,7/1/2017 5:46,,7/2/2017 5:33,,U
10941690,fairway,50431831,T,F,F,T,-0.425305009,201.147995,124.8580017,2,5,80.00720215,7.154520035,0,F,,F,F,T,8.752630234,1208992-4-2,10/16/2017 6:31,,10/17/2017 5:50,,U
7954679,rough,37043986,F,F,T,,-0.355367005,391.5360107,212.3569946,1,2,184.5359955,15.17790031,0,F,T,F,T,F,36.33060074,872716-14-1,6/9/2017 5:27,,6/10/2017 10:01,,U
8600291,rough,39977286,F,F,T,,-0.028891601,381.8519897,163.6909943,1,2,228.6580048,28.93589973,0,F,T,F,T,F,43.91130066,947919-1-1,7/4/2017 8:22,,7/5/2017 5:42,,U
9108112,rough,42272299,F,T,F,,-1.174999952,455.381012,238.1629944,1,2,247.177002,94.09200287,1,F,,F,F,T,110.0630035,1005877-13-1,7/24/2017 5:58,,8/3/2017 7:38,,U
6909510,rough,32282158,F,F,T,,-0.0276228,402.1340027,177.2259979,1,2,224.9700012,3.635780096,0,F,T,F,T,F,27.17440033,744167-2-1,4/20/2017 3:24,,4/21/2017 3:33,,U
8168063,fairway,38004155,T,F,F,T,0.118763998,365.3850098,183.4459991,2,5,197.4589996,11.36540031,0,F,,F,F,T,5.385419846,899090-8-2,6/18/2017 9:26,,6/19/2017 10:10,,U
9522599,rough,44067994,F,F,T,,-0.32069701,357.2770081,198.0789948,1,2,159.2129974,5.640639782,0,F,T,F,T,F,21.34900093,1050720-2-1,8/10/2017 5:25,,8/20/2017 10:57,,U
10937515,rough,50348232,F,F,T,T,-0.770685971,156.0339966,104.8519974,2,2,53.62659836,6.000160217,0,F,,F,T,F,19.62450027,1208972-18-2,10/16/2017 6:31,,10/17/2017 5:50,,U
8273558,fairway,38434954,T,F,F,T,-0.349709988,231.9989929,153.4389954,2,5,90.45089722,14.96749973,0,F,,F,T,F,2.339529991,911416-13-2,6/22/2017 5:30,,6/23/2017 7:29,,U
10483349,rough,48335718,F,F,T,,-0.386294991,403.7860107,226.3950043,1,2,201.9620056,36.57410049,0,F,T,F,T,F,50.26050186,1158454-11-1,9/21/2017 7:57,,9/22/2017 6:59,,U
8126454,rough,37809842,F,T,F,,-1.322540045,274.1879883,310.6289978,1,2,41.07519913,109.7949982,0,F,T,F,F,T,7.332930088,895455-16-1,6/17/2017 10:59,,6/19/2017 10:10,,U
8262586,rough,38413867,F,T,F,,-0.446438998,469.8370056,304.4530029,1,2,199.4779968,6.335259914,0,F,T,F,F,T,24.39439964,911416-9-1,6/22/2017 5:30,,6/23/2017 7:29,,U
7923309,rough,36925968,F,F,T,,-0.062315401,376.8959961,165.3000031,1,2,213.9470062,10.99100018,0,F,T,F,T,F,32.94490051,871418-13-1,6/8/2017 5:25,,6/9/2017 5:27,,U
9524573,fairway,44019577,T,F,F,T,-0.623095989,196.8690033,161.9669952,2,5,38.90779877,5.681270123,0,F,,F,F,T,3.794250011,1049865-2-2,8/10/2017 5:25,,8/20/2017 10:57,,U
8126454,rough,37813039,F,T,F,T,0.197589993,310.6289978,116.5230026,2,2,194.1320038,0.406958014,0,F,,F,F,T,13.90310001,895455-16-2,6/17/2017 10:59,,6/19/2017 10:10,,U
6913114,sand,32345151,F,F,T,,-0.274484992,330.4259949,96.63220215,1,4,234.9459991,4.876349926,0,F,,F,T,F,17.34020042,745638-1-1,4/21/2017 3:33,,4/22/2017 3:36,,U
8586133,fairway,39944037,T,F,F,T,-0.116530001,236.7630005,81.83640289,2,5,156.1569977,11.76490021,0,F,,F,F,T,3.129889965,947919-13-2,7/4/2017 8:22,,7/5/2017 5:42,,U
9753299,rough,45049051,F,F,T,,-0.918163002,324.4630127,268.5849915,1,2,56.81710052,45.07889938,0,F,T,F,T,F,10.01910019,1078476-9-1,8/20/2017 10:57,,8/21/2017 5:37,,U
9936082,rough,45883514,F,T,F,,-0.040913001,430.1279907,198.8630066,1,2,237.2720032,10.05290031,0,F,T,F,F,T,34.52109909,1099514-13-1,8/27/2017 5:30,,8/28/2017 5:39,,U
10433231,rough,48085897,F,F,T,T,-0.369168013,276.9809875,196.3269958,2,2,81.05940247,3.805370092,0,F,,F,T,F,19.78790092,1151719-17-2,9/18/2017 6:43,,9/19/2017 5:52,,U
7443828,rough,34677949,F,T,F,,0.022071199,387.1099854,152.2409973,1,2,242.8849945,22.94339943,0,F,T,F,F,T,35.4980011,806110-1-1,5/18/2017 9:04,,5/19/2017 8:14,,U
9731421,rough,44985231,F,F,T,T,-0.55470401,192.8959961,113.3799973,2,2,79.56109619,5.660170078,0,F,,F,T,F,10.77960014,1076781-11-2,8/20/2017 10:57,,8/21/2017 5:37,,U
8265373,rough,38438129,F,F,T,T,0.025804199,302.1390076,148.5370026,2,2,154.4609985,3.588749886,0,F,,F,T,F,18.92989922,910900-9-2,6/22/2017 5:30,,6/23/2017 7:29,,U
6353082,rough,29809410,F,F,T,,0.0203097,311.9809875,98.92220306,1,2,233.7100067,29.46750069,0,F,,F,T,F,37.68830109,673754-11-1,3/11/2017 6:03,,3/12/2017 5:34,,U
8861864,rough,41091009,F,F,T,,-0.53786999,474.2600098,343.0969849,1,2,131.1679993,29.58699989,0,F,T,F,T,F,41.04710007,978688-9-1,7/15/2017 5:35,,7/16/2017 5:35,,U
6699922,rough,31431272,F,F,T,,-0.098952301,401.0220032,182.9109955,1,2,225.0720062,23.28089905,0,F,T,F,T,F,42.80459976,719096-14-1,4/9/2017 8:41,,4/10/2017 6:18,,U
8162227,fairway,37929726,T,F,F,T,-0.299710989,197.7799988,64.81510162,2,5,136.151001,7.639619827,0,F,,F,T,F,4.628509998,899084-18-2,6/18/2017 9:26,,6/19/2017 10:10,,U
9603700,rough,44320315,F,T,F,,-0.276277989,336.7999878,184.6100006,1,2,165.1690063,17.12339973,0,F,T,F,F,T,29.84959984,1059500-7-1,8/13/2017 5:25,,8/20/2017 10:57,,U
8162223,rough,37981489,F,T,F,T,-0.270215988,279.7210083,182.7140045,2,2,99.58300018,14.18560028,0,F,,F,F,T,23.54339981,899084-5-2,6/18/2017 9:26,,6/19/2017 10:10,,U
10162864,fairway,46822501,T,F,F,T,0.232273996,320.7160034,141.9850006,2,5,182.0440063,6.095240116,0,F,,F,F,T,11.77460003,1122406-5-2,9/5/2017 5:40,,9/6/2017 11:11,,U
9633055,rough,44562171,F,F,T,T,-0.701228976,242.9600067,207.5700073,2,2,35.48450089,7.118289948,0,F,,F,T,F,23.0272007,1063490-2-2,8/14/2017 5:20,,8/20/2017 10:57,,U
8600291,rough,39931258,F,F,T,T,-0.792594016,163.6909943,120.9280014,2,2,43.00379944,10.60179996,0,F,,F,T,F,19.01679993,947919-1-2,7/4/2017 8:22,,7/5/2017 5:42,,U
9599554,fairway,44380673,T,F,F,T,-0.682630002,182.7050018,144.8280029,2,5,59.27140045,14.43900013,0,F,,F,F,T,3.142970085,1058625-7-2,8/14/2017 5:20,,8/20/2017 10:57,,U
8223085,rough,38283208,F,F,T,,-0.153541997,415.9890137,205.3600006,1,2,213.9149933,10.72920036,0,F,T,F,T,F,22.79780006,907041-14-1,6/20/2017 5:53,,6/21/2017 6:37,,U
9847217,rough,45504023,F,T,F,T,-0.934297979,68.74089813,65.86620331,2,2,11.26060009,0.630981982,0,F,,F,F,T,51.36800003,1085847-17-2,8/23/2017 5:27,,8/24/2017 5:35,,U
7954679,rough,37044472,F,F,T,T,-0.781036973,212.3569946,190.5700073,2,2,22.90940094,6.545619965,0,F,,F,T,F,27.04409981,872716-14-2,6/9/2017 5:27,,6/10/2017 10:01,,U
6977883,rough,32610341,F,T,F,T,-1.015059948,126.211998,137.3029938,2,2,21.19540024,1.915770054,0,F,,F,F,T,15.7894001,752259-16-2,4/24/2017 3:49,,4/25/2017 3:39,,U
10935898,rough,50379033,F,F,T,,-0.316837996,504.9630127,328.2829895,1,2,198.0429993,21.51339912,0,F,T,F,T,F,36.55080032,1208972-5-1,10/16/2017 6:31,,10/17/2017 5:50,,U
7431770,fairway,34669235,T,F,F,T,-0.524257004,162.7949982,57.55270004,2,5,105.3180008,7.577000141,0,F,,F,T,F,2.04460001,806110-14-2,5/18/2017 9:04,,5/19/2017 8:14,,U
8691534,rough,40345577,F,F,T,,-0.334915012,385.9200134,207.598999,1,2,187.3430023,27.97960091,0,F,T,F,T,F,48.7057991,959076-12-1,7/8/2017 11:55,,7/9/2017 5:29,,U
9603700,fairway,44415225,T,F,F,T,-0.70481199,184.6100006,145.6699982,2,5,59.27140045,14.43900013,0,F,,F,F,T,3.142970085,1059500-7-2,8/13/2017 5:25,,8/20/2017 10:57,,U
7920146,rough,36944165,F,F,T,,-0.372961998,290.1889954,173.7259979,1,2,192.6869965,7.94603014,0,F,T,F,T,F,26.12809944,871418-17-1,6/8/2017 5:25,,6/9/2017 5:27,,U
10326145,rough,47623494,F,T,F,,-0.00760128,431.1929932,195.6860046,1,2,244.5839996,13.96790028,0,F,T,F,F,T,23.46459961,1140803-5-1,9/13/2017 10:16,,9/14/2017 6:37,,U
7177356,sand,33500928,F,F,T,,-0.196002007,374.4890137,139.2640076,1,4,243.1109924,7.267930031,0,F,,F,T,F,16.64579964,774081-18-1,5/4/2017 6:26,,5/5/2017 10:10,,U
11276577,fairway,51878297,T,F,F,,-0.043337502,398.7059937,187.6970062,1,5,211.1150055,8.966400146,0,F,,F,T,F,3.642950058,1244963-4-1,11/10/2017 6:23,,11/11/2017 9:44,,U
8478908,fairway,39446287,T,F,F,T,-0.293175995,231.7769928,135.4470062,2,5,106.2360001,5.354010105,0,F,,F,T,F,6.527130127,937718-14-2,7/1/2017 5:46,,7/2/2017 5:33,,U
7926472,rough,36902303,F,F,T,,0.050533298,344.2059937,124.0469971,1,2,235.0740051,0.635837972,0,F,T,F,T,F,8.294139862,871418-4-1,6/8/2017 5:25,,6/9/2017 5:27,,U
9551619,rough,44185844,F,F,T,,-0.083785802,405.0910034,184.6759949,1,2,227.5019989,29.8071003,0,F,T,F,T,F,43.49100113,1053235-4-1,8/11/2017 5:18,,8/20/2017 10:57,,U
8894391,fairway,41287396,T,F,F,T,-0.315647006,215.0720062,127.1790009,2,5,98.68630219,6.333380222,0,F,,F,T,F,2.310309887,983560-17-2,7/16/2017 5:35,,7/17/2017 5:37,,U
9753299,fairway,45016653,T,F,F,T,0.0714688,268.5849915,116.0589981,2,5,152.5269928,13.15009975,0,F,,F,F,T,4.932590008,1078476-9-2,8/20/2017 10:57,,8/21/2017 5:37,,U
8591873,fairway,39900931,T,F,F,T,0.105912998,345.7359924,179.6130066,2,5,166.1410065,8.599309921,0,F,,F,T,F,10.39890003,947919-14-2,7/4/2017 8:22,,7/5/2017 5:42,,U
10956866,rough,50439281,F,T,F,,-0.087534703,436.6730042,208.9190063,1,2,239.0039978,20.32589912,0,F,T,F,F,T,39.50180054,1208972-4-1,10/16/2017 6:31,,10/17/2017 5:50,,U
8107489,rough,37789155,F,T,F,,-0.111321002,367.6640015,169.0630035,1,2,224.8860016,35.90240097,0,F,T,F,F,T,52.34529877,892882-2-1,6/16/2017 7:59,,6/17/2017 10:59,,U
9611073,rough,44368399,F,T,F,,-0.458783001,455.7430115,277.8590088,1,2,182.0850067,11.70960045,0,F,T,F,F,T,26.57799911,1058625-1-1,8/14/2017 5:20,,8/20/2017 10:57,,U
8144401,rough,37849107,F,T,F,,-0.56802398,388.9490051,242.7779999,1,2,147.4440002,6.135570049,0,F,T,F,F,T,1.424200058,895455-18-1,6/17/2017 10:59,,6/19/2017 10:10,,U
7136851,rough,33351569,F,T,F,T,-0.831116021,323.1239929,290.8729858,2,2,35.03499985,4.705739975,0,F,,F,F,T,13.47939968,768610-5-2,5/1/2017 3:38,,5/2/2017 3:32,,U
10896193,rough,50200451,F,F,T,,-0.076117203,359.178009,164.2940063,1,2,195.2859955,25.84690094,0,F,,F,T,F,40.96279907,1203662-8-1,10/14/2017 5:54,,10/15/2017 10:55,,U
13084922,fairway,59905713,T,F,F,,0.084107399,367.3510132,152.677002,1,5,223.4069977,10.7972002,0,F,,F,T,F,7.176949978,1455600-8-1,4/14/2018 4:13,,4/15/2018 4:28,,U
7171068,rough,33526119,F,F,T,,0.055703599,364.4450073,134.9459991,1,2,229.673996,10.00640011,0,F,,F,T,F,21.82139969,774095-2-1,5/4/2017 6:26,,5/5/2017 10:10,,U
10940162,rough,50448065,F,T,F,,0.126120999,396.3389893,136.848999,1,2,263.8150024,20.52440071,0,F,T,F,F,T,39.08810043,1208972-1-1,10/16/2017 6:31,,10/17/2017 5:50,,U
9850984,rough,45481228,F,F,T,,0.026329899,358.2890015,137.3329926,1,2,244.9349976,18.65089989,0,F,,F,T,F,49.74489975,1086887-16-1,8/23/2017 5:27,,8/24/2017 5:35,,U
9920833,rough,45939443,F,F,T,,-0.298759997,387.4060059,203.6929932,1,2,195.0019989,13.20790005,0,F,T,F,T,F,27.43440056,1096674-11-1,8/27/2017 5:30,,8/28/2017 5:39,,U
9610733,rough,44319614,F,F,T,,-0.070582099,365.4190063,160.6260071,1,2,209.2460022,5.938370228,0,F,T,F,T,F,19.03520012,1058625-18-1,8/14/2017 5:20,,8/20/2017 10:57,,U
8014238,rough,37205239,F,F,T,T,-0.683121026,181.0480042,118.8359985,2,2,62.86439896,21.87420082,0,F,,F,T,F,36.30989838,880684-18-2,6/11/2017 7:13,,6/12/2017 5:24,,U
9756132,rough,45201886,F,T,F,,-0.108466998,427.2489929,200.5099945,1,2,237.1040039,19.94330025,0,F,T,F,F,T,44.08330154,1078476-13-1,8/20/2017 10:57,,8/21/2017 5:37,,U
7443828,rough,34664600,F,T,F,T,-0.801132977,152.2409973,109.9240036,2,2,42.70349884,20.77190018,0,F,,F,F,T,35.62329865,806110-1-2,5/18/2017 9:04,,5/19/2017 8:14,,U
9562576,rough,44295742,F,F,T,,-0.217226997,493.9079895,288.3909912,1,2,210.6410065,22.0904007,0,F,T,F,T,F,34.15019989,1055167-9-1,8/12/2017 5:27,,8/20/2017 10:57,,U
8579267,rough,39844485,F,F,T,,-0.431448996,403.1140137,235.1679993,1,2,168.5509949,7.155399799,0,F,T,F,T,F,25.83609962,947919-4-1,7/4/2017 8:22,,7/5/2017 5:42,,U
7394919,rough,34439216,F,F,T,,-0.29469499,416.5859985,221.3840027,1,2,202.2960052,36.12770081,0,F,T,F,T,F,50.39960098,798943-4-1,5/15/2017 6:14:14  AM ,,5/16/2017 5:21:51  AM ,,U
9605278,rough,44417170,F,F,T,,-0.962940991,328.9830017,269.9869995,1,2,59.44609833,69.60469818,0,F,T,F,T,F,14.7972002,1058625-11-1,8/14/2017 5:20:21  AM ,,8/20/2017 10:57:33  AM ,,U
9603703,rough,44412347,F,T,F,,-0.00604989,363.8559875,147.8840027,1,2,221.6759949,10.1267004,0,F,T,F,F,T,26.37280083,1059500-16-1,8/13/2017 5:25:17  AM ,,8/20/2017 10:57:33  AM ,,U
7116013,rough,33262820,F,F,T,T,0.046726301,269.7619934,98.57369995,2,2,171.7599945,0.163736001,0,F,,F,T,F,15.71920013,768610-9-2,5/1/2017 3:38:01  AM ,,5/2/2017 3:32:19  AM ,,U
9586094,rough,44405995,F,F,T,,-0.130072996,370.1799927,174.1779938,1,2,200.151001,5.381849766,0,F,T,F,T,F,17.43619919,1059500-12-1,8/13/2017 5:25:17  AM ,,8/20/2017 10:57:33  AM ,,U
10162864,rough,46859273,F,F,T,,-0.299710989,503.7749939,320.7160034,1,2,203.2189941,13.4822998,0,F,T,F,T,F,28.8132,1122406-5-1,9/5/2017 5:40:28  AM ,,9/6/2017 11:11:19  AM ,,U
9841865,sand,45449234,F,F,T,,-0.290544003,488.1369934,247.5749969,1,4,242.9649963,8.022040367,0,F,,F,T,F,25.69179916,1085847-9-1,8/23/2017 5:27:57  AM ,,8/24/2017 5:35:19  AM ,,U
8123060,rough,37787772,F,F,T,,0.846880019,489.803009,117.560997,1,2,401.6549988,4.540279865,0,F,,F,T,F,24.08399963,893888-5-1,6/16/2017 7:59:06  AM ,,6/17/2017 10:59:49  AM ,,U
8261777,rough,38403987,F,T,F,T,-0.851023972,133.5039978,108.6869965,2,2,24.82239914,11.95339966,0,F,,F,F,T,33.83160019,910900-4-2,6/22/2017 5:30:51  AM ,,6/23/2017 7:29:20  AM ,,U
8849029,rough,41047366,F,T,F,,-0.105746999,513.3280029,283.019989,1,2,230.4420013,5.731200218,0,F,T,F,F,T,20.84350014,975860-17-1,7/14/2017 5:45:09  AM ,,7/15/2017 5:35:11  AM ,,U
7773464,rough,36180665,F,F,T,T,-0.156992003,259.2130127,138.7769928,2,2,120.8499985,4.428219795,0,F,,F,T,F,24.67519951,850672-13-2,6/1/2017 5:19:50  AM ,,6/2/2017 5:46:38  AM ,,U
7650353,fairway,35674285,T,F,F,T,0.050879799,247.753006,76.4536972,2,5,173.375,9.737680435,0,F,,F,F,T,3.327860117,840055-13-2,5/29/2017 10:28:07  AM ,,5/30/2017 7:38:49  AM ,,U
10485740,rough,48322941,F,T,F,,-0.0561364,391.6940002,169.9600067,1,2,221.9920044,3.89835,0,F,T,F,F,T,17.40029907,1158454-18-1,9/21/2017 7:57:53  AM ,,9/22/2017 6:59:50  AM ,,U
8144401,fairway,37847551,T,F,F,T,-0.459556997,242.7779999,187.6459961,2,5,55.13190079,7.330880165,0,F,,F,F,T,9.04611969,895455-18-2,6/17/2017 10:59:49  AM ,,6/19/2017 10:10:43  AM ,,U
8105606,rough,37728991,F,T,F,T,-0.745948017,172.927002,125.5820007,2,2,47.91139984,5.013949871,0,F,,F,F,T,24.5753994,892871-2-2,6/16/2017 7:59:06  AM ,,6/17/2017 10:59:49  AM ,,U
8526826,rough,39517185,F,F,T,,-0.00761171,324.3110046,120.0910034,1,2,220.3359985,2.971940041,0,F,,F,T,F,18.37639999,940872-16-1,7/2/2017 5:33:03  AM ,,7/3/2017 5:34:53  AM ,,U
9548825,rough,44108214,F,F,T,,-0.248467997,493.0549927,290.2349854,1,2,223.526001,10.3572998,0,F,T,F,T,F,23.83250046,1052492-5-1,8/11/2017 5:18:31  AM ,,8/20/2017 10:57:33  AM ,,U
8127398,rough,37832981,F,F,T,,-0.254992008,371.6210022,192.0160065,1,2,181.4069977,25.0685997,0,F,T,F,T,F,40.52059937,896858-2-1,6/17/2017 10:59:49  AM ,,6/18/2017 9:26:09  AM ,,U
9936082,fairway,45968061,T,F,F,T,-0.294001997,198.8630066,63.46770096,2,5,135.4989929,1.150370002,0,F,,F,F,T,13.25899982,1099514-13-2,8/27/2017 5:30:45  AM ,,8/28/2017 5:39:26  AM ,,U
8162229,rough,37945972,F,F,T,T,-0.603227973,218.2400055,166.7480011,2,2,51.5992012,9.706540108,0,F,,F,T,F,26.66930008,899090-11-2,6/18/2017 9:26:09  AM ,,6/19/2017 10:10:43  AM ,,U
9395658,rough,43423667,F,T,F,T,-0.519087017,198.147995,107.0449982,2,2,93.23760223,9.053959846,0,F,,F,F,T,12.86859989,1035147-6-2,8/5/2017 5:21:04  AM ,,8/20/2017 10:57:33  AM ,,U
7434731,rough,34687556,F,F,T,,-0.00192611,392.1919861,162.2140045,1,2,233.5930023,16.19639969,0,F,,F,T,F,34.31349945,806106-14-1,5/18/2017 9:04:57  AM ,,5/19/2017 8:14:14  AM ,,U
9843070,fairway,45512571,T,F,F,T,-0.751047015,97.4434967,58.25139999,2,5,39.83449936,1.242359996,0,F,,F,F,T,13.22929955,1086887-12-2,8/23/2017 5:27:57  AM ,,8/24/2017 5:35:19  AM ,,U
7428019,rough,34688744,F,T,F,T,-0.788742006,156.852005,111.9940033,2,2,44.97029877,19.69510078,0,F,,F,F,T,34.67010117,806106-1-2,5/18/2017 9:04:57  AM ,,5/19/2017 8:14:14  AM ,,U
10940162,rough,50397697,F,T,F,T,-0.862026989,136.848999,110.9039993,2,2,28.42379951,30.17779922,0,F,,F,F,T,46.37049866,1208972-1-2,10/16/2017 6:31:08  AM ,,10/17/2017 5:50:15  AM ,,U
9953784,rough,45902171,F,F,T,,-0.298759997,386.8609924,203.8939972,1,2,195.0019989,13.20790005,0,F,T,F,T,F,27.43440056,1099514-11-1,8/27/2017 5:30:45  AM ,,8/28/2017 5:39:26  AM ,,U
8162229,rough,38030727,F,F,T,,-0.359654009,393.6539917,218.2400055,1,2,186.5070038,17.80170059,0,F,T,F,T,F,31.20389938,899090-11-1,6/18/2017 9:26:09  AM ,,6/19/2017 10:10:43  AM ,,U
8135488,rough,37904182,F,F,T,T,-0.228350997,428.3930054,249.5339966,2,2,191.6869965,33.15729904,0,F,,F,T,F,53.45119858,895455-13-2,6/17/2017 10:59:49  AM ,,6/19/2017 10:10:43  AM ,,U
8136437,rough,37872282,F,F,T,,0.016816201,362.8640137,144.871994,1,2,218.1649933,22.18530083,0,F,T,F,T,F,41.15269852,896858-8-1,6/17/2017 10:59:49  AM ,,6/18/2017 9:26:09  AM ,,U
10906426,rough,50155466,F,T,F,,-0.171263993,501.4639893,285.5849915,1,2,216.1970062,17.07819939,0,F,T,F,F,T,32.33399963,1203662-5-1,10/14/2017 5:54:28  AM ,,10/15/2017 10:55:08  AM ,,U
8874471,fairway,41108451,T,F,F,T,-0.216780007,214.9660034,90.42880249,2,5,124.5370026,10.24100018,0,F,,F,T,F,4.501339912,978688-2-2,7/15/2017 5:35:11  AM ,,7/16/2017 5:35:09  AM ,,U
9594132,rough,44366877,F,T,F,,-1.100419998,334.4760132,315.269989,1,2,19.20980072,104.1259995,0,F,T,F,F,T,7.421949863,1056889-18-1,8/13/2017 5:25:17  AM ,,8/20/2017 10:57:33  AM ,,U
9599952,fairway,44421065,T,F,F,T,-0.0495429,285.3190002,167.0690002,2,5,126.5910034,9.070770264,0,F,,F,F,T,7.608839989,1056889-9-2,8/13/2017 5:25:17  AM ,,8/20/2017 10:57:33  AM ,,U
9924376,rough,45860471,F,F,T,,-1.322540045,496.1629944,536.4060059,1,2,43.74750137,173.9790039,0,F,T,F,T,F,78.79769897,1099514-5-1,8/27/2017 5:30:45  AM ,,8/28/2017 5:39:26  AM ,,U
7176154,sand,33525853,F,F,T,,-0.199808002,387.9450073,149.8159943,1,4,244.8119965,5.795650005,0,F,,F,T,F,15.29170036,774095-18-1,5/4/2017 6:26:22  AM ,,5/5/2017 10:10:35  AM ,,U
6740707,rough,31546624,F,F,T,,-0.155052006,317.9129944,152.5509949,1,2,174.0410004,5.602890015,0,F,,F,T,F,19.79409981,722116-9-1,4/10/2017 6:18:42  AM ,,4/11/2017 6:58:44  AM ,,U
11336803,fairway,52154092,T,F,F,,-0.082792103,434.7810059,222.4230042,1,5,237.5540009,0.362969011,0,F,,F,F,T,21.35239983,1251463-1-1,11/16/2017 8:50:49  AM ,,11/17/2017 6:51:44  AM ,,U
8579267,fairway,39944062,T,F,F,T,-0.216686994,235.1679993,119.9520035,2,5,116.4440002,13.26430035,0,F,,F,F,T,2.598720074,947919-4-2,7/4/2017 8:22:34  AM ,,7/5/2017 5:42:58  AM ,,U
9037744,rough,41925735,F,F,T,,0.036785401,365.1659851,138.6710052,1,2,226.7929993,19.88439941,0,F,T,F,T,F,39.65299988,998989-8-1,7/22/2017 5:47:24  AM ,,8/3/2017 7:38:37  AM ,,U
8894391,rough,41219657,F,T,F,,-0.610432029,297.8800049,215.0720062,1,2,186.970993,3.596489906,0,F,T,F,F,T,22.12700081,983560-17-1,7/16/2017 5:35:09  AM ,,7/17/2017 5:37:49  AM ,,U
7997224,rough,37263526,F,T,F,T,-0.855567992,145.3320007,115.0970001,2,2,30.42200089,1.381600022,0,F,,F,F,T,16.42939949,880684-6-2,6/11/2017 7:13:32  AM ,,6/12/2017 5:24:08  AM ,,U
9932512,fairway,45938745,T,F,F,T,-0.294001997,198.7969971,63.30559921,2,5,135.4929962,1.150370002,0,F,,F,F,T,13.25899982,1096674-13-2,8/27/2017 5:30:45  AM ,,8/28/2017 5:39:26  AM ,,U
7394921,fairway,34451077,T,F,F,T,0.107989997,270.0700073,111.8679962,2,5,160.8639984,7.488259792,0,F,,F,F,T,6.612999916,798943-13-2,5/15/2017 6:14:14  AM ,,5/16/2017 5:21:51  AM ,,U
9639119,rough,44594360,F,F,T,T,-0.809696019,210.3789978,192.2550049,2,2,24.7397995,4.963300228,0,F,,F,T,F,21.7928009,1063490-11-2,8/14/2017 5:20:21  AM ,,8/20/2017 10:57:33  AM ,,U
6963843,sand,32583964,F,F,T,,-0.29469499,332.2120056,138.0859985,1,4,197.4880066,5.034150124,0,F,,F,T,F,19.50989914,751109-8-1,4/23/2017 3:46:03  AM ,,4/24/2017 3:49:09  AM ,,U
8014234,fairway,37259877,T,F,F,T,-0.723136008,159.8670044,129.3569946,2,5,33.95439911,0.511151016,0,F,,F,F,T,11.54409981,880684-2-2,6/11/2017 7:13:32  AM ,,6/12/2017 5:24:08  AM ,,U
7394922,rough,34501653,F,T,F,,-0.00866749,371.2550049,151.345993,1,2,221.3659973,21.90060043,0,F,,F,F,T,31.32620049,798943-18-1,5/15/2017 6:14:14  AM ,,5/16/2017 5:21:51  AM ,,U
7479944,rough,34894708,F,F,T,,-0.381305993,486.6409912,313.1220093,1,2,186.7400055,4.88285017,0,F,,F,T,F,24.48450089,811112-5-1,5/20/2017 5:30:13  AM ,,5/21/2017 6:24:49  AM ,,U
9739125,rough,45044524,F,F,T,,-0.583630979,305.8320007,218.0859985,1,2,87.78479767,56.69729996,0,F,,F,T,F,5.646959782,1073926-3-1,8/20/2017 10:57:33  AM ,,8/21/2017 5:37:16  AM ,,U
11117367,rough,51167107,F,F,T,,-0.209322006,505.9230042,299.4129944,1,2,227.3309937,8.066599846,0,F,,F,T,F,23.08670044,1228028-5-1,10/28/2017 5:37:11  AM ,,10/29/2017 5:36:46  AM ,,U
8112094,rough,37765152,F,F,T,,-0.0228351,398.7619934,168.5119934,1,2,238.3170013,2.98032999,0,F,,F,T,F,11.83790016,892871-18-1,6/16/2017 7:59:06  AM ,,6/17/2017 10:59:49  AM ,,U
8233454,rough,38269197,F,F,T,,-0.248028994,483.4620056,279.1759949,1,2,206.1300049,3.50406003,0,F,,F,T,F,15.71220016,907042-9-1,6/20/2017 5:53:30  AM ,,6/21/2017 6:37:37  AM ,,U
8579268,rough,39829528,F,F,T,,-0.050078899,364.5960083,155.5549927,1,2,214.5420074,4.442780018,0,F,,F,T,F,17.72990036,947919-6-1,7/4/2017 8:22:34  AM ,,7/5/2017 5:42:58  AM ,,U
10183779,sand,47024494,F,F,T,,-0.270999998,395.1029968,160.9490051,1,4,250.6239929,6.39428997,0,F,,F,T,F,14.24800014,1125003-18-1,9/6/2017 11:11:19  AM ,,9/7/2017 7:51:49  AM ,,U
7124379,rough,33339257,F,F,T,,-0.515233994,423.8640137,255.0859985,1,2,209.8589935,15.01519966,0,F,,F,T,F,30.54940033,768610-17-1,5/1/2017 3:38:01  AM ,,5/2/2017 3:32:19  AM ,,U
6351214,fairway,29838900,T,F,F,T,-0.725759983,136.8099976,88.69960022,2,5,49.06819916,7.175930023,0,F,,F,T,F,2.713200092,673754-18-2,3/11/2017 6:03:14  AM ,,3/12/2017 5:34:23  AM ,,U
7172092,rough,33487925,F,F,T,,0.113508999,358.3890076,114.4800034,1,2,244.5540009,7.109769821,0,F,,F,T,F,26.9708004,774081-8-1,5/4/2017 6:26:22  AM ,,5/5/2017 10:10:35  AM ,,U
9586093,rough,44413751,F,T,F,T,-0.566672981,269.9869995,209.8739929,2,2,64.90049744,5.900229931,0,F,,F,F,T,2.927639961,1059500-11-2,8/13/2017 5:25:17  AM ,,8/20/2017 10:57:33  AM ,,U
9599206,rough,44368555,F,F,T,,-0.130072996,370.5390015,174.5619965,1,2,200.2810059,4.749650002,0,F,T,F,T,F,16.79120064,1058625-12-1,8/14/2017 5:20:21  AM ,,8/20/2017 10:57:33  AM ,,U
8913381,rough,41309193,F,F,T,,-0.176871002,463.4679871,250.4440002,1,2,213.0540009,7.162990093,0,F,T,F,T,F,23.49640083,983560-18-1,7/16/2017 5:35:09  AM ,,7/17/2017 5:37:49  AM ,,U
6686555,rough,31310622,F,F,T,,-0.0580393,303.6159973,110.8130035,1,2,214.9909973,23.29820061,0,F,,F,T,F,38.34230042,719096-16-1,4/9/2017 8:41:01  AM ,,4/10/2017 6:18:42  AM ,,U
10902616,rough,50152492,F,T,F,,-0.171263993,499.1480103,283.70401,1,2,215.8009949,16.45800018,0,F,T,F,F,T,31.5807991,1204432-5-1,10/14/2017 5:54:28  AM ,,10/15/2017 10:55:08  AM ,,U
9599554,rough,44409772,F,T,F,,-0.276277989,334.019989,182.7050018,1,2,165.1690063,17.12339973,0,F,T,F,F,T,29.84959984,1058625-7-1,8/14/2017 5:20:21  AM ,,8/20/2017 10:57:33  AM ,,U
9599206,sand,44434704,F,F,T,T,-0.951849997,174.5619965,56.42670059,2,4,118.1740036,5.615330219,0,F,,F,T,F,12.45740032,1058625-12-2,8/14/2017 5:20:21  AM ,,8/20/2017 10:57:33  AM ,,U
7498421,rough,35038857,F,T,F,,0.00511401,350.0880127,137.3990021,1,2,213.1150055,19.8871994,0,F,T,F,F,T,29.57979965,812942-18-1,5/21/2017 6:24:49  AM ,,5/22/2017 7:11:40  AM ,,U
8108847,sand,37795748,F,F,T,,-0.452897012,377.4760132,179.2059937,1,4,206.7599945,3.867549896,0,F,,F,T,F,15.19050026,892871-6-1,6/16/2017 7:59:06  AM ,,6/17/2017 10:59:49  AM ,,U
10937522,sand,50371391,F,F,T,,-0.396761,366.0799866,172.720993,1,4,199.548996,4.278550148,0,F,,F,T,F,16.99959946,1208992-8-1,10/16/2017 6:31:08  AM ,,10/17/2017 5:50:15  AM ,,U
10323357,rough,47661134,F,F,T,,0.157867998,348.3680115,90.85240173,1,2,264.3559875,7.843739986,0,F,,F,T,F,19.64539909,1141272-7-1,9/13/2017 10:16:29  AM ,,9/14/2017 6:37:51  AM ,,U
6972746,rough,32727856,F,F,T,,-0.025039401,352.696991,148.9019928,1,2,210.1750031,6.100259781,0,F,,F,T,F,18.45800018,752259-6-1,4/24/2017 3:49:09  AM ,,4/25/2017 3:39:10  AM ,,U
9583757,rough,44366485,F,T,F,,-0.458783001,455.7430115,277.8590088,1,2,182.0850067,11.70960045,0,F,T,F,F,T,26.57799911,1059500-1-1,8/13/2017 5:25:17  AM ,,8/20/2017 10:57:33  AM ,,U
6961491,fairway,32565734,T,F,F,T,-0.208983004,209.8809967,70.90740204,2,5,144.4940033,3.835530043,0,F,,F,T,F,5.716020107,751109-13-2,4/23/2017 3:46:03  AM ,,4/24/2017 3:49:09  AM ,,U
8269837,rough,38460333,F,T,F,T,-0.842652977,140.8890076,110.9680023,2,2,29.96850014,13.05249977,0,F,,F,F,T,34.54240036,911416-4-2,6/22/2017 5:30:51  AM ,,6/23/2017 7:29:20  AM ,,U
6917603,sand,32365329,F,F,T,,-0.274484992,330.4259949,96.52619934,1,4,234.9080048,4.067359924,0,F,,F,T,F,16.52540016,745636-1-1,4/21/2017 3:33:06  AM ,,4/22/2017 3:36:24  AM ,,U
10330716,rough,47640635,F,F,T,,-0.193832994,341.5700073,174.3730011,1,2,178.3059998,5.914969921,0,F,,F,T,F,23.27370071,1140803-2-1,9/13/2017 10:16:29  AM ,,9/14/2017 6:37:51  AM ,,U
8860022,rough,41128894,F,F,T,,-0.509751976,401.3330078,242.7769928,1,2,206.7230072,6.055540085,0,F,T,F,T,F,21.32489967,977483-6-1,7/15/2017 5:35:11  AM ,,7/16/2017 5:35:09  AM ,,U
9844568,rough,45466163,F,F,T,,-0.229776993,418.0369873,213.8070068,1,2,217.2059937,4.920639992,0,F,,F,T,F,25.30739975,1085847-7-1,8/23/2017 5:27:57  AM ,,8/24/2017 5:35:19  AM ,,U
9599952,rough,44380482,F,F,T,,-0.223895997,491.2019958,285.3190002,1,2,210.6410065,22.0904007,0,F,T,F,T,F,34.15019989,1056889-9-1,8/13/2017 5:25:17  AM ,,8/20/2017 10:57:33  AM ,,U
8273558,rough,38485852,F,F,T,,-0.52363503,357.7460022,231.9989929,1,2,129.6340027,4.390789986,0,F,T,F,T,F,14.25399971,911416-13-1,6/22/2017 5:30:51  AM ,,6/23/2017 7:29:20  AM ,,U
9526135,sand,44039101,F,F,T,,-0.271580994,407.3089905,173.1089935,1,4,239.7330017,6.768929958,0,F,,F,T,F,16.3987999,1050720-11-1,8/10/2017 5:25:51  AM ,,8/20/2017 10:57:33  AM ,,U
8131943,rough,37901695,F,F,T,T,-0.718356013,146.3000031,75.07790375,2,2,80.3003006,42.45569992,0,F,,F,T,F,51.78290176,896856-8-2,6/17/2017 10:59:49  AM ,,6/19/2017 10:10:43  AM ,,U
6977883,rough,32651378,F,F,T,,-0.0780074,309.7789917,126.211998,1,2,198.9199982,14.68659973,0,F,T,F,T,F,28.37290001,752259-16-1,4/24/2017 3:49:09  AM ,,4/25/2017 3:39:10  AM ,,U
8257943,rough,38493242,F,F,T,,-0.776616991,332.4760132,251.3670044,1,2,81.11139679,58.56309891,0,F,,F,T,F,8.188770294,910900-8-1,6/22/2017 5:30:51  AM ,,6/23/2017 7:29:20  AM ,,U
8849028,rough,41009197,F,T,F,T,-0.504566014,195.8639984,84.04850006,2,2,112.2549973,1.689829946,0,F,,F,F,T,8.991620064,975860-15-2,7/14/2017 5:45:09  AM ,,7/15/2017 5:35:11  AM ,,U
10941692,rough,50442096,F,F,T,,-0.00190293,385.1799927,158.1790009,1,2,250.4700012,34.91609955,0,F,T,F,T,F,48.60599899,1208992-18-1,10/16/2017 6:31:08  AM ,,10/17/2017 5:50:15  AM ,,U
10952632,sand,50442644,F,F,T,,-0.406275004,363.4200134,168.8249969,1,4,200.0460052,3.969399929,0,F,,F,T,F,16.33410072,1208972-8-1,10/16/2017 6:31:08  AM ,,10/17/2017 5:50:15  AM ,,U
10373494,rough,47828755,F,T,F,,-0.267127991,375.1380005,192.5789948,1,2,198.1230011,23.02779961,0,F,T,F,F,T,35.32170105,1146081-10-1,9/16/2017 5:51:26  AM ,,9/17/2017 5:36:00  AM ,,U
9586093,rough,44424412,F,F,T,,-0.962940991,328.9830017,269.9869995,1,2,59.44609833,69.60469818,0,F,T,F,T,F,14.7972002,1059500-11-1,8/13/2017 5:25:17  AM ,,8/20/2017 10:57:33  AM ,,U
8180054,rough,38065125,F,T,F,T,-0.28639099,271.3729858,178.3939972,2,2,96.9265976,12.04520035,0,F,,F,F,T,23.57369995,899090-5-2,6/18/2017 9:26:09  AM ,,6/19/2017 10:10:43  AM ,,U
6977878,rough,32644089,F,F,T,,-0.34958899,320.9989929,190.3399963,1,2,132.3619995,19.92650032,0,F,T,F,T,F,30.68260002,752259-2-1,4/24/2017 3:49:09  AM ,,4/25/2017 3:39:10  AM ,,U
7169576,rough,33480982,F,T,F,T,0.189181998,297.480011,97.40840149,2,2,202.7610016,1.778249979,0,F,,F,F,T,14.76029968,774081-4-3,5/4/2017 6:26:22  AM ,,5/5/2017 10:10:35  AM ,,U
6944858,rough,32532617,F,F,T,,-0.441078991,309.2569885,195.1340027,1,2,114.9629974,28.40169907,0,F,T,F,T,F,31.2602005,751109-2-1,4/23/2017 3:46:03  AM ,,4/24/2017 3:49:09  AM ,,U
8691534,rough,40301590,F,F,T,T,-0.736433029,207.598999,181.3569946,2,2,28.78129959,18.59379959,0,F,,F,T,F,30.30260086,959076-12-2,7/8/2017 11:55:29  AM ,,7/9/2017 5:29:07  AM ,,U
8135484,rough,37857578,F,F,T,,-0.564217985,442.5979919,288.1860046,1,2,191.0720062,12.59710026,0,F,T,F,T,F,28.02260017,895452-17-1,6/17/2017 10:59:49  AM ,,6/18/2017 9:26:09  AM ,,U
9619736,rough,44580592,F,F,T,,-0.104661003,503.5469971,275.3710022,1,2,247.7489929,0.738556981,0,F,T,F,T,F,14.1257,1062047-5-1,8/14/2017 5:20:21  AM ,,8/20/2017 10:57:33  AM ,,U
8836141,sand,41023097,F,F,T,,0.073476903,276.3900146,27.75169945,1,4,248.848999,16.41699982,0,F,,F,T,F,22.32060051,975860-12-1,7/14/2017 5:45:09  AM ,,7/15/2017 5:35:11  AM ,,U
7172094,rough,33520817,F,F,T,,-0.058990799,327.0190125,138.201004,1,2,200.9429932,8.234970093,0,F,,F,T,F,22.17359924,774081-16-1,5/4/2017 6:26:22  AM ,,5/5/2017 10:10:35  AM ,,U
11333146,fairway,52145508,T,F,F,,-0.245646998,457.8760071,264.7390137,1,5,193.177002,7.373040199,0,F,,F,F,T,3.380379915,1251463-4-1,11/16/2017 8:50:49  AM ,,11/17/2017 6:51:44  AM ,,U
9756132,rough,44975675,F,T,F,T,-0.458606005,200.5099945,101.5130005,2,2,99.02179718,12.14290047,0,F,,F,F,T,26.21890068,1078476-13-2,8/20/2017 10:57:33  AM ,,8/21/2017 5:37:16  AM ,,U
6500149,rough,30460935,F,T,F,,-0.240567997,481.5969849,273.5859985,1,2,211.3079987,4.041460037,0,F,T,F,F,T,23.27960014,692605-7-1,3/25/2017 5:31:54  AM ,,3/26/2017 5:40:50  AM ,,U
10341842,fairway,47679281,T,F,F,T,-0.464628011,217.3650055,155.75,2,5,62.19919968,2.524919987,0,F,,F,F,T,16.03300095,1142725-1-2,9/14/2017 6:37:51  AM ,,9/15/2017 5:57:17  AM ,,U
